config,variant_family,score_variant,score_space,alpha,beta,gamma,patient_macro_f1,patient_macro_ez_f1,patient_macro_auprc_ez,patient_macro_ez_mrr,top1_is_ez_rate,n_patients,beats_a9v3_f1,beats_a9v3_ez_f1,beats_a9v3_auprc,beats_a9v3_mrr,beats_a9v3_top1,passes_main_gate,score_name
A9v8_LCBO_stage1b_gamma000_f1_all90_posEZ,teacher_anchor,teacher_only,patient_zscore_probability,,,,0.6427135780776422,0.47059129425797064,0.5186349018779979,0.7151362033792374,0.6,90,False,True,False,True,True,False,teacher_only
A9v8_LCBO_stage1b_gamma000_f1_all90_posEZ,teacher_anchor,teacher_plus_broad_a0.02,patient_zscore_probability,0.02,,,0.6423453120843763,0.47008624375292013,0.518995204497077,0.7106846364276704,0.5888888888888889,90,False,False,True,False,False,False,teacher_plus_broad_a0.02
A9v8_LCBO_stage1b_gamma000_f1_all90_posEZ,teacher_anchor,teacher_plus_broad_a0.05,patient_zscore_probability,0.05,,,0.6426311624404447,0.47075234258015797,0.5189054875480766,0.7092012562600798,0.5888888888888889,90,False,True,True,False,False,False,teacher_plus_broad_a0.05
A9v8_LCBO_stage1b_gamma000_f1_all90_posEZ,teacher_anchor,teacher_plus_broad_a0.10,patient_zscore_probability,0.1,,,0.6431820673246155,0.471760824428648,0.5207988418912703,0.7113902483880963,0.5888888888888889,90,True,True,True,False,False,False,teacher_plus_broad_a0.10
A9v8_LCBO_stage1b_gamma000_f1_all90_posEZ,teacher_anchor,teacher_plus_broad_a0.20,patient_zscore_probability,0.2,,,0.6430716714713284,0.47064406974602985,0.5242856689223853,0.7234448373391038,0.6111111111111112,90,True,True,True,True,True,True,teacher_plus_broad_a0.20
A9v8_LCBO_stage1b_gamma000_f1_all90_posEZ,teacher_anchor,teacher_plus_broad_a0.30,patient_zscore_probability,0.3,,,0.6431898924399776,0.47138025351719093,0.5240902181943936,0.7100879254741044,0.5888888888888889,90,True,True,True,False,False,False,teacher_plus_broad_a0.30
A9v8_LCBO_stage1b_gamma000_f1_all90_posEZ,teacher_anchor,teacher_plus_broad_a0.50,patient_zscore_probability,0.5,,,0.6440708636524133,0.4729963246569979,0.5261574470558359,0.7058451890787114,0.5888888888888889,90,True,True,True,False,False,False,teacher_plus_broad_a0.50
A9v8_LCBO_stage1b_gamma000_f1_all90_posEZ,teacher_anchor,teacher_plus_broad_core_a0.02_b+0.00,patient_zscore_probability,0.02,0.0,,0.6423453120843763,0.47008624375292013,0.518995204497077,0.7106846364276704,0.5888888888888889,90,False,False,True,False,False,False,teacher_plus_broad_core_a0.02_b+0.00
A9v8_LCBO_stage1b_gamma000_f1_all90_posEZ,teacher_anchor,teacher_plus_broad_core_a0.02_b+0.05,patient_zscore_probability,0.02,0.05,,0.642092117473407,0.4701346102626446,0.519103057985426,0.7103633123611602,0.5888888888888889,90,False,False,True,False,False,False,teacher_plus_broad_core_a0.02_b+0.05
A9v8_LCBO_stage1b_gamma000_f1_all90_posEZ,teacher_anchor,teacher_plus_broad_core_a0.02_b+0.10,patient_zscore_probability,0.02,0.1,,0.6427262080552701,0.4713467211660762,0.5202149148621683,0.7095257917590339,0.5888888888888889,90,True,True,True,False,False,False,teacher_plus_broad_core_a0.02_b+0.10
A9v8_LCBO_stage1b_gamma000_f1_all90_posEZ,teacher_anchor,teacher_plus_broad_core_a0.02_b+0.20,patient_zscore_probability,0.02,0.2,,0.6417161427483917,0.46987649415761423,0.5203232596722566,0.7084382462891234,0.5888888888888889,90,False,False,True,False,False,False,teacher_plus_broad_core_a0.02_b+0.20
A9v8_LCBO_stage1b_gamma000_f1_all90_posEZ,teacher_anchor,teacher_plus_broad_core_a0.02_b-0.05,patient_zscore_probability,0.02,-0.05,,0.6419633816341938,0.4697103853332908,0.5157235731644781,0.7095057033609665,0.6,90,False,False,False,False,True,False,teacher_plus_broad_core_a0.02_b-0.05
A9v8_LCBO_stage1b_gamma000_f1_all90_posEZ,teacher_anchor,teacher_plus_broad_core_a0.02_b-0.10,patient_zscore_probability,0.02,-0.1,,0.639313550778252,0.46533021472220065,0.5148852084367986,0.709222275823153,0.6,90,False,False,False,False,True,False,teacher_plus_broad_core_a0.02_b-0.10
A9v8_LCBO_stage1b_gamma000_f1_all90_posEZ,teacher_anchor,teacher_plus_broad_core_a0.02_b-0.20,patient_zscore_probability,0.02,-0.2,,0.6363849343003147,0.4607023900311409,0.5046746793690604,0.6719138312094969,0.5444444444444444,90,False,False,False,False,False,False,teacher_plus_broad_core_a0.02_b-0.20
A9v8_LCBO_stage1b_gamma000_f1_all90_posEZ,teacher_anchor,teacher_plus_broad_core_a0.05_b+0.00,patient_zscore_probability,0.05,0.0,,0.6426311624404447,0.47075234258015797,0.5189054875480766,0.7092012562600798,0.5888888888888889,90,False,True,True,False,False,False,teacher_plus_broad_core_a0.05_b+0.00
A9v8_LCBO_stage1b_gamma000_f1_all90_posEZ,teacher_anchor,teacher_plus_broad_core_a0.05_b+0.05,patient_zscore_probability,0.05,0.05,,0.6423345583563919,0.47065725834626837,0.5199874597349031,0.71072107795432,0.5888888888888889,90,False,True,True,False,False,False,teacher_plus_broad_core_a0.05_b+0.05
A9v8_LCBO_stage1b_gamma000_f1_all90_posEZ,teacher_anchor,teacher_plus_broad_core_a0.05_b+0.10,patient_zscore_probability,0.05,0.1,,0.6419937702868588,0.47033422873579295,0.5205745815065957,0.7110072732405154,0.5888888888888889,90,False,False,True,False,False,False,teacher_plus_broad_core_a0.05_b+0.10
A9v8_LCBO_stage1b_gamma000_f1_all90_posEZ,teacher_anchor,teacher_plus_broad_core_a0.05_b+0.20,patient_zscore_probability,0.05,0.2,,0.6417967959262354,0.4702574971701962,0.5211529961764536,0.7102801951898959,0.5888888888888889,90,False,False,True,False,False,False,teacher_plus_broad_core_a0.05_b+0.20
A9v8_LCBO_stage1b_gamma000_f1_all90_posEZ,teacher_anchor,teacher_plus_broad_core_a0.05_b-0.05,patient_zscore_probability,0.05,-0.05,,0.6417149969506645,0.46934221678927746,0.5171078374183616,0.7111062031650267,0.6,90,False,False,False,False,True,False,teacher_plus_broad_core_a0.05_b-0.05
A9v8_LCBO_stage1b_gamma000_f1_all90_posEZ,teacher_anchor,teacher_plus_broad_core_a0.05_b-0.10,patient_zscore_probability,0.05,-0.1,,0.6415255732795712,0.4683898209122362,0.5163451465330534,0.7087373214733895,0.6,90,False,False,False,False,True,False,teacher_plus_broad_core_a0.05_b-0.10
A9v8_LCBO_stage1b_gamma000_f1_all90_posEZ,teacher_anchor,teacher_plus_broad_core_a0.05_b-0.20,patient_zscore_probability,0.05,-0.2,,0.6377236500250808,0.46253388113837546,0.507790415207485,0.6862563459931881,0.5666666666666667,90,False,False,False,False,False,False,teacher_plus_broad_core_a0.05_b-0.20
A9v8_LCBO_stage1b_gamma000_f1_all90_posEZ,teacher_anchor,teacher_plus_broad_core_a0.10_b+0.00,patient_zscore_probability,0.1,0.0,,0.6431820673246155,0.471760824428648,0.5207988418912703,0.7113902483880963,0.5888888888888889,90,True,True,True,False,False,False,teacher_plus_broad_core_a0.10_b+0.00
A9v8_LCBO_stage1b_gamma000_f1_all90_posEZ,teacher_anchor,teacher_plus_broad_core_a0.10_b+0.05,patient_zscore_probability,0.1,0.05,,0.6432056433580239,0.47165899059525696,0.5218627703506898,0.7112766335098756,0.5888888888888889,90,True,True,True,False,False,False,teacher_plus_broad_core_a0.10_b+0.05
A9v8_LCBO_stage1b_gamma000_f1_all90_posEZ,teacher_anchor,teacher_plus_broad_core_a0.10_b+0.10,patient_zscore_probability,0.1,0.1,,0.6409458539798845,0.46868649624192554,0.5218850622995207,0.7128532524120759,0.5888888888888889,90,False,False,True,False,False,False,teacher_plus_broad_core_a0.10_b+0.10
A9v8_LCBO_stage1b_gamma000_f1_all90_posEZ,teacher_anchor,teacher_plus_broad_core_a0.10_b+0.20,patient_zscore_probability,0.1,0.2,,0.6428518666647703,0.4719181293088679,0.5223277140231469,0.7162393779060445,0.6,90,True,True,True,True,True,True,teacher_plus_broad_core_a0.10_b+0.20
A9v8_LCBO_stage1b_gamma000_f1_all90_posEZ,teacher_anchor,teacher_plus_broad_core_a0.10_b-0.05,patient_zscore_probability,0.1,-0.05,,0.6422658910297103,0.4695724834621468,0.5190598855835,0.7149729388672054,0.6,90,False,False,True,False,True,False,teacher_plus_broad_core_a0.10_b-0.05
A9v8_LCBO_stage1b_gamma000_f1_all90_posEZ,teacher_anchor,teacher_plus_broad_core_a0.10_b-0.10,patient_zscore_probability,0.1,-0.1,,0.6408575105273061,0.46725421903649056,0.518352563274346,0.7098967950503038,0.6,90,False,False,False,False,True,False,teacher_plus_broad_core_a0.10_b-0.10
A9v8_LCBO_stage1b_gamma000_f1_all90_posEZ,teacher_anchor,teacher_plus_broad_core_a0.10_b-0.20,patient_zscore_probability,0.1,-0.2,,0.6391468128650712,0.4647137534793225,0.5122775077836627,0.6868644010310677,0.5666666666666667,90,False,False,False,False,False,False,teacher_plus_broad_core_a0.10_b-0.20
A9v8_LCBO_stage1b_gamma000_f1_all90_posEZ,teacher_anchor,teacher_plus_broad_core_a0.20_b+0.00,patient_zscore_probability,0.2,0.0,,0.6430716714713284,0.47064406974602985,0.5242856689223853,0.7234448373391038,0.6111111111111112,90,True,True,True,True,True,True,teacher_plus_broad_core_a0.20_b+0.00
A9v8_LCBO_stage1b_gamma000_f1_all90_posEZ,teacher_anchor,teacher_plus_broad_core_a0.20_b+0.05,patient_zscore_probability,0.2,0.05,,0.6415887203618538,0.4690340173847636,0.5243664598900393,0.723718088053531,0.6111111111111112,90,False,False,True,True,True,False,teacher_plus_broad_core_a0.20_b+0.05
A9v8_LCBO_stage1b_gamma000_f1_all90_posEZ,teacher_anchor,teacher_plus_broad_core_a0.20_b+0.10,patient_zscore_probability,0.2,0.1,,0.6418003535926337,0.46995602267734465,0.5244399960164784,0.720487567987568,0.6111111111111112,90,False,False,True,True,True,False,teacher_plus_broad_core_a0.20_b+0.10
A9v8_LCBO_stage1b_gamma000_f1_all90_posEZ,teacher_anchor,teacher_plus_broad_core_a0.20_b+0.20,patient_zscore_probability,0.2,0.2,,0.6433236169948586,0.4724678466997467,0.523557960381775,0.7243271180526083,0.6222222222222222,90,True,True,True,True,True,True,teacher_plus_broad_core_a0.20_b+0.20
A9v8_LCBO_stage1b_gamma000_f1_all90_posEZ,teacher_anchor,teacher_plus_broad_core_a0.20_b-0.05,patient_zscore_probability,0.2,-0.05,,0.6438022952804027,0.47172657673814783,0.5236484494716412,0.7182278435274078,0.6,90,True,True,True,True,True,True,teacher_plus_broad_core_a0.20_b-0.05
A9v8_LCBO_stage1b_gamma000_f1_all90_posEZ,teacher_anchor,teacher_plus_broad_core_a0.20_b-0.10,patient_zscore_probability,0.2,-0.1,,0.6436701189842081,0.47180646568910733,0.5209904409305565,0.7123171883891104,0.6,90,True,True,True,False,True,False,teacher_plus_broad_core_a0.20_b-0.10
A9v8_LCBO_stage1b_gamma000_f1_all90_posEZ,teacher_anchor,teacher_plus_broad_core_a0.20_b-0.20,patient_zscore_probability,0.2,-0.2,,0.6401627025953354,0.4662919032864176,0.5180132351601999,0.696163643606066,0.5666666666666667,90,False,False,False,False,False,False,teacher_plus_broad_core_a0.20_b-0.20
A9v8_LCBO_stage1b_gamma000_f1_all90_posEZ,teacher_anchor,teacher_plus_broad_core_a0.30_b+0.00,patient_zscore_probability,0.3,0.0,,0.6431898924399776,0.47138025351719093,0.5240902181943936,0.7100879254741044,0.5888888888888889,90,True,True,True,False,False,False,teacher_plus_broad_core_a0.30_b+0.00
A9v8_LCBO_stage1b_gamma000_f1_all90_posEZ,teacher_anchor,teacher_plus_broad_core_a0.30_b+0.05,patient_zscore_probability,0.3,0.05,,0.6443741062653006,0.4733793736021938,0.5239104092022006,0.7160265760020662,0.6,90,True,True,True,True,True,True,teacher_plus_broad_core_a0.30_b+0.05
A9v8_LCBO_stage1b_gamma000_f1_all90_posEZ,teacher_anchor,teacher_plus_broad_core_a0.30_b+0.10,patient_zscore_probability,0.3,0.1,,0.6446068145407631,0.47409938854304357,0.524208716163369,0.7129503318445984,0.6,90,True,True,True,False,True,False,teacher_plus_broad_core_a0.30_b+0.10
A9v8_LCBO_stage1b_gamma000_f1_all90_posEZ,teacher_anchor,teacher_plus_broad_core_a0.30_b+0.20,patient_zscore_probability,0.3,0.2,,0.6447926081325471,0.4740590222233178,0.5251777904291866,0.7109153419596728,0.6,90,True,True,True,False,True,False,teacher_plus_broad_core_a0.30_b+0.20
A9v8_LCBO_stage1b_gamma000_f1_all90_posEZ,teacher_anchor,teacher_plus_broad_core_a0.30_b-0.05,patient_zscore_probability,0.3,-0.05,,0.6419456974518172,0.4694666672988108,0.5242251612979825,0.7113660152151325,0.5888888888888889,90,False,False,True,False,False,False,teacher_plus_broad_core_a0.30_b-0.05
A9v8_LCBO_stage1b_gamma000_f1_all90_posEZ,teacher_anchor,teacher_plus_broad_core_a0.30_b-0.10,patient_zscore_probability,0.3,-0.1,,0.6416749427931855,0.4687912368993109,0.5236593071344424,0.7117886173044013,0.5888888888888889,90,False,False,True,False,False,False,teacher_plus_broad_core_a0.30_b-0.10
A9v8_LCBO_stage1b_gamma000_f1_all90_posEZ,teacher_anchor,teacher_plus_broad_core_a0.30_b-0.20,patient_zscore_probability,0.3,-0.2,,0.6445077237820263,0.472546234061111,0.5210804169790099,0.7063141982122352,0.5888888888888889,90,True,True,True,False,False,False,teacher_plus_broad_core_a0.30_b-0.20
A9v8_LCBO_stage1b_gamma000_f1_all90_posEZ,teacher_anchor,teacher_plus_broad_core_a0.50_b+0.00,patient_zscore_probability,0.5,0.0,,0.6440708636524133,0.4729963246569979,0.5261574470558359,0.7058451890787114,0.5888888888888889,90,True,True,True,False,False,False,teacher_plus_broad_core_a0.50_b+0.00
A9v8_LCBO_stage1b_gamma000_f1_all90_posEZ,teacher_anchor,teacher_plus_broad_core_a0.50_b+0.05,patient_zscore_probability,0.5,0.05,,0.6442043628853523,0.4733222333162399,0.5255985243241547,0.7030323819180782,0.5888888888888889,90,True,True,True,False,False,False,teacher_plus_broad_core_a0.50_b+0.05
A9v8_LCBO_stage1b_gamma000_f1_all90_posEZ,teacher_anchor,teacher_plus_broad_core_a0.50_b+0.10,patient_zscore_probability,0.5,0.1,,0.6457725576415189,0.4755075808360921,0.5255670290930868,0.6910963549820512,0.5666666666666667,90,True,True,True,False,False,False,teacher_plus_broad_core_a0.50_b+0.10
A9v8_LCBO_stage1b_gamma000_f1_all90_posEZ,teacher_anchor,teacher_plus_broad_core_a0.50_b+0.20,patient_zscore_probability,0.5,0.2,,0.6465369564776856,0.47672380079820686,0.5249442445984273,0.6857920547530522,0.5555555555555556,90,True,True,True,False,False,False,teacher_plus_broad_core_a0.50_b+0.20
A9v8_LCBO_stage1b_gamma000_f1_all90_posEZ,teacher_anchor,teacher_plus_broad_core_a0.50_b-0.05,patient_zscore_probability,0.5,-0.05,,0.6442945217647544,0.47287352780538755,0.5254866352926442,0.7089400263402154,0.5888888888888889,90,True,True,True,False,False,False,teacher_plus_broad_core_a0.50_b-0.05
A9v8_LCBO_stage1b_gamma000_f1_all90_posEZ,teacher_anchor,teacher_plus_broad_core_a0.50_b-0.10,patient_zscore_probability,0.5,-0.1,,0.6446202764226658,0.4727894710421626,0.5258258528851327,0.7088158912160801,0.5888888888888889,90,True,True,True,False,False,False,teacher_plus_broad_core_a0.50_b-0.10
A9v8_LCBO_stage1b_gamma000_f1_all90_posEZ,teacher_anchor,teacher_plus_broad_core_a0.50_b-0.20,patient_zscore_probability,0.5,-0.2,,0.645866180209096,0.47432587337798354,0.52352952886767,0.6997302127459968,0.5777777777777777,90,True,True,True,False,False,False,teacher_plus_broad_core_a0.50_b-0.20
A9v8_LCBO_stage1b_gamma002_f1_all90_posEZ,teacher_anchor,teacher_only,patient_zscore_probability,,,,0.6427135780776422,0.47059129425797064,0.5186349018779979,0.7151362033792374,0.6,90,False,True,False,True,True,False,teacher_only
A9v8_LCBO_stage1b_gamma002_f1_all90_posEZ,teacher_anchor,teacher_plus_broad_a0.02,patient_zscore_probability,0.02,,,0.6423453120843763,0.47008624375292013,0.5191267228564278,0.7106846364276704,0.5888888888888889,90,False,False,True,False,False,False,teacher_plus_broad_a0.02
A9v8_LCBO_stage1b_gamma002_f1_all90_posEZ,teacher_anchor,teacher_plus_broad_a0.05,patient_zscore_probability,0.05,,,0.642370508988302,0.4705159359607726,0.5191198565950303,0.7092012562600798,0.5888888888888889,90,False,False,True,False,False,False,teacher_plus_broad_a0.05
A9v8_LCBO_stage1b_gamma002_f1_all90_posEZ,teacher_anchor,teacher_plus_broad_a0.10,patient_zscore_probability,0.1,,,0.6428821935872417,0.47141360220642575,0.5213343369131803,0.7113902483880963,0.5888888888888889,90,True,True,True,False,False,False,teacher_plus_broad_a0.10
A9v8_LCBO_stage1b_gamma002_f1_all90_posEZ,teacher_anchor,teacher_plus_broad_a0.20,patient_zscore_probability,0.2,,,0.6426869117115686,0.4699496253015854,0.5243217332087984,0.7290003928946595,0.6222222222222222,90,False,False,True,True,True,False,teacher_plus_broad_a0.20
A9v8_LCBO_stage1b_gamma002_f1_all90_posEZ,teacher_anchor,teacher_plus_broad_a0.30,patient_zscore_probability,0.3,,,0.6433689611662229,0.4713493067950678,0.5244532073513788,0.7165694069555858,0.6,90,True,True,True,True,True,True,teacher_plus_broad_a0.30
A9v8_LCBO_stage1b_gamma002_f1_all90_posEZ,teacher_anchor,teacher_plus_broad_a0.50,patient_zscore_probability,0.5,,,0.6442376310582222,0.4730302229620827,0.5267316993781479,0.7076914292582849,0.5888888888888889,90,True,True,True,False,False,False,teacher_plus_broad_a0.50
A9v8_LCBO_stage1b_gamma002_f1_all90_posEZ,teacher_anchor,teacher_plus_broad_core_a0.02_b+0.00,patient_zscore_probability,0.02,0.0,,0.6423453120843763,0.47008624375292013,0.5191267228564278,0.7106846364276704,0.5888888888888889,90,False,False,True,False,False,False,teacher_plus_broad_core_a0.02_b+0.00
A9v8_LCBO_stage1b_gamma002_f1_all90_posEZ,teacher_anchor,teacher_plus_broad_core_a0.02_b+0.05,patient_zscore_probability,0.02,0.05,,0.642092117473407,0.4701346102626446,0.5191699687667188,0.7103633123611602,0.5888888888888889,90,False,False,True,False,False,False,teacher_plus_broad_core_a0.02_b+0.05
A9v8_LCBO_stage1b_gamma002_f1_all90_posEZ,teacher_anchor,teacher_plus_broad_core_a0.02_b+0.10,patient_zscore_probability,0.02,0.1,,0.6427262080552701,0.4713467211660762,0.5204182105623995,0.7095257917590339,0.5888888888888889,90,True,True,True,False,False,False,teacher_plus_broad_core_a0.02_b+0.10
A9v8_LCBO_stage1b_gamma002_f1_all90_posEZ,teacher_anchor,teacher_plus_broad_core_a0.02_b+0.20,patient_zscore_probability,0.02,0.2,,0.6420409290731781,0.4700987163798364,0.52071449820479,0.7085925672767778,0.5888888888888889,90,False,False,True,False,False,False,teacher_plus_broad_core_a0.02_b+0.20
A9v8_LCBO_stage1b_gamma002_f1_all90_posEZ,teacher_anchor,teacher_plus_broad_core_a0.02_b-0.05,patient_zscore_probability,0.02,-0.05,,0.6419633816341938,0.4697103853332908,0.5157387339635773,0.7095057033609665,0.6,90,False,False,False,False,True,False,teacher_plus_broad_core_a0.02_b-0.05
A9v8_LCBO_stage1b_gamma002_f1_all90_posEZ,teacher_anchor,teacher_plus_broad_core_a0.02_b-0.10,patient_zscore_probability,0.02,-0.1,,0.639313550778252,0.46533021472220065,0.5147244384477792,0.709222275823153,0.6,90,False,False,False,False,True,False,teacher_plus_broad_core_a0.02_b-0.10
A9v8_LCBO_stage1b_gamma002_f1_all90_posEZ,teacher_anchor,teacher_plus_broad_core_a0.02_b-0.20,patient_zscore_probability,0.02,-0.2,,0.6362987357766161,0.46064006809381897,0.5045146278026914,0.6719237341605763,0.5444444444444444,90,False,False,False,False,False,False,teacher_plus_broad_core_a0.02_b-0.20
A9v8_LCBO_stage1b_gamma002_f1_all90_posEZ,teacher_anchor,teacher_plus_broad_core_a0.05_b+0.00,patient_zscore_probability,0.05,0.0,,0.642370508988302,0.4705159359607726,0.5191198565950303,0.7092012562600798,0.5888888888888889,90,False,False,True,False,False,False,teacher_plus_broad_core_a0.05_b+0.00
A9v8_LCBO_stage1b_gamma002_f1_all90_posEZ,teacher_anchor,teacher_plus_broad_core_a0.05_b+0.05,patient_zscore_probability,0.05,0.05,,0.6423345583563919,0.47065725834626837,0.5200486184128187,0.7107272302860538,0.5888888888888889,90,False,True,True,False,False,False,teacher_plus_broad_core_a0.05_b+0.05
A9v8_LCBO_stage1b_gamma002_f1_all90_posEZ,teacher_anchor,teacher_plus_broad_core_a0.05_b+0.10,patient_zscore_probability,0.05,0.1,,0.6419937702868588,0.47033422873579295,0.5204889334295224,0.7110072732405154,0.5888888888888889,90,False,False,True,False,False,False,teacher_plus_broad_core_a0.05_b+0.10
A9v8_LCBO_stage1b_gamma002_f1_all90_posEZ,teacher_anchor,teacher_plus_broad_core_a0.05_b+0.20,patient_zscore_probability,0.05,0.2,,0.6421215822510217,0.4704797193924184,0.5211686875985129,0.7104345161775503,0.5888888888888889,90,False,False,True,False,False,False,teacher_plus_broad_core_a0.05_b+0.20
A9v8_LCBO_stage1b_gamma002_f1_all90_posEZ,teacher_anchor,teacher_plus_broad_core_a0.05_b-0.05,patient_zscore_probability,0.05,-0.05,,0.6417149969506645,0.46934221678927746,0.5171355917598435,0.710907790466614,0.6,90,False,False,False,False,True,False,teacher_plus_broad_core_a0.05_b-0.05
A9v8_LCBO_stage1b_gamma002_f1_all90_posEZ,teacher_anchor,teacher_plus_broad_core_a0.05_b-0.10,patient_zscore_probability,0.05,-0.1,,0.6415255732795712,0.4683898209122362,0.5163240145690018,0.7087373214733895,0.6,90,False,False,False,False,True,False,teacher_plus_broad_core_a0.05_b-0.10
A9v8_LCBO_stage1b_gamma002_f1_all90_posEZ,teacher_anchor,teacher_plus_broad_core_a0.05_b-0.20,patient_zscore_probability,0.05,-0.2,,0.6377236500250808,0.46253388113837546,0.5078006675963835,0.6862563459931881,0.5666666666666667,90,False,False,False,False,False,False,teacher_plus_broad_core_a0.05_b-0.20
A9v8_LCBO_stage1b_gamma002_f1_all90_posEZ,teacher_anchor,teacher_plus_broad_core_a0.10_b+0.00,patient_zscore_probability,0.1,0.0,,0.6428821935872417,0.47141360220642575,0.5213343369131803,0.7113902483880963,0.5888888888888889,90,True,True,True,False,False,False,teacher_plus_broad_core_a0.10_b+0.00
A9v8_LCBO_stage1b_gamma002_f1_all90_posEZ,teacher_anchor,teacher_plus_broad_core_a0.10_b+0.05,patient_zscore_probability,0.1,0.05,,0.6432056433580239,0.47165899059525696,0.5218773824202646,0.7112766335098756,0.5888888888888889,90,True,True,True,False,False,False,teacher_plus_broad_core_a0.10_b+0.05
A9v8_LCBO_stage1b_gamma002_f1_all90_posEZ,teacher_anchor,teacher_plus_broad_core_a0.10_b+0.10,patient_zscore_probability,0.1,0.1,,0.6409458539798845,0.46868649624192554,0.522380699095137,0.7128532524120759,0.5888888888888889,90,False,False,True,False,False,False,teacher_plus_broad_core_a0.10_b+0.10
A9v8_LCBO_stage1b_gamma002_f1_all90_posEZ,teacher_anchor,teacher_plus_broad_core_a0.10_b+0.20,patient_zscore_probability,0.1,0.2,,0.6431766529895566,0.4721403515310901,0.5225557510383619,0.7162449895783229,0.6,90,True,True,True,True,True,True,teacher_plus_broad_core_a0.10_b+0.20
A9v8_LCBO_stage1b_gamma002_f1_all90_posEZ,teacher_anchor,teacher_plus_broad_core_a0.10_b-0.05,patient_zscore_probability,0.1,-0.05,,0.6425906773544967,0.46979470568436904,0.5190889330958439,0.7149729388672054,0.6,90,False,False,True,False,True,False,teacher_plus_broad_core_a0.10_b-0.05
A9v8_LCBO_stage1b_gamma002_f1_all90_posEZ,teacher_anchor,teacher_plus_broad_core_a0.10_b-0.10,patient_zscore_probability,0.1,-0.1,,0.6413858329673933,0.46818014496241644,0.5184154894292482,0.7098967950503038,0.6,90,False,False,False,False,True,False,teacher_plus_broad_core_a0.10_b-0.10
A9v8_LCBO_stage1b_gamma002_f1_all90_posEZ,teacher_anchor,teacher_plus_broad_core_a0.10_b-0.20,patient_zscore_probability,0.1,-0.2,,0.6388805335138246,0.4643869560937016,0.5120774253201202,0.6877903269569936,0.5666666666666667,90,False,False,False,False,False,False,teacher_plus_broad_core_a0.10_b-0.20
A9v8_LCBO_stage1b_gamma002_f1_all90_posEZ,teacher_anchor,teacher_plus_broad_core_a0.20_b+0.00,patient_zscore_probability,0.2,0.0,,0.6426869117115686,0.4699496253015854,0.5243217332087984,0.7290003928946595,0.6222222222222222,90,False,False,True,True,True,False,teacher_plus_broad_core_a0.20_b+0.00
A9v8_LCBO_stage1b_gamma002_f1_all90_posEZ,teacher_anchor,teacher_plus_broad_core_a0.20_b+0.05,patient_zscore_probability,0.2,0.05,,0.6420570693669675,0.46948772108846737,0.5243823977649337,0.7298291991646423,0.6222222222222222,90,False,False,True,True,True,False,teacher_plus_broad_core_a0.20_b+0.05
A9v8_LCBO_stage1b_gamma002_f1_all90_posEZ,teacher_anchor,teacher_plus_broad_core_a0.20_b+0.10,patient_zscore_probability,0.2,0.1,,0.6419439162729611,0.47018750415882615,0.5246682212256212,0.7260431235431235,0.6222222222222222,90,False,False,True,True,True,False,teacher_plus_broad_core_a0.20_b+0.10
A9v8_LCBO_stage1b_gamma002_f1_all90_posEZ,teacher_anchor,teacher_plus_broad_core_a0.20_b+0.20,patient_zscore_probability,0.2,0.2,,0.643057337643612,0.4721410493141257,0.5240633757375339,0.7243217503660812,0.6222222222222222,90,True,True,True,True,True,True,teacher_plus_broad_core_a0.20_b+0.20
A9v8_LCBO_stage1b_gamma002_f1_all90_posEZ,teacher_anchor,teacher_plus_broad_core_a0.20_b-0.05,patient_zscore_probability,0.2,-0.05,,0.6432030040492808,0.4707852187134565,0.5237226439975914,0.7237833990829633,0.6111111111111112,90,True,True,True,True,True,True,teacher_plus_broad_core_a0.20_b-0.05
A9v8_LCBO_stage1b_gamma002_f1_all90_posEZ,teacher_anchor,teacher_plus_broad_core_a0.20_b-0.10,patient_zscore_probability,0.2,-0.1,,0.6430586943711005,0.4708536233118463,0.5215905254917523,0.7178727439446659,0.6111111111111112,90,True,True,True,True,True,True,teacher_plus_broad_core_a0.20_b-0.10
A9v8_LCBO_stage1b_gamma002_f1_all90_posEZ,teacher_anchor,teacher_plus_broad_core_a0.20_b-0.20,patient_zscore_probability,0.2,-0.2,,0.6401627025953354,0.4662919032864176,0.5184272914649992,0.7017191991616215,0.5777777777777777,90,False,False,False,False,False,False,teacher_plus_broad_core_a0.20_b-0.20
A9v8_LCBO_stage1b_gamma002_f1_all90_posEZ,teacher_anchor,teacher_plus_broad_core_a0.30_b+0.00,patient_zscore_probability,0.3,0.0,,0.6433689611662229,0.4713493067950678,0.5244532073513788,0.7165694069555858,0.6,90,True,True,True,True,True,True,teacher_plus_broad_core_a0.30_b+0.00
A9v8_LCBO_stage1b_gamma002_f1_all90_posEZ,teacher_anchor,teacher_plus_broad_core_a0.30_b+0.05,patient_zscore_probability,0.3,0.05,,0.6442030217192161,0.4729698294426496,0.525150017650085,0.7215821315576219,0.6111111111111112,90,True,True,True,True,True,True,teacher_plus_broad_core_a0.30_b+0.05
A9v8_LCBO_stage1b_gamma002_f1_all90_posEZ,teacher_anchor,teacher_plus_broad_core_a0.30_b+0.10,patient_zscore_probability,0.3,0.1,,0.6444357299946785,0.47368984438349937,0.524606998873445,0.7185531857807856,0.6111111111111112,90,True,True,True,True,True,True,teacher_plus_broad_core_a0.30_b+0.10
A9v8_LCBO_stage1b_gamma002_f1_all90_posEZ,teacher_anchor,teacher_plus_broad_core_a0.30_b+0.20,patient_zscore_probability,0.3,0.2,,0.6446698914616278,0.4739637063191783,0.5256500018866627,0.7164708975152283,0.6111111111111112,90,True,True,True,True,True,True,teacher_plus_broad_core_a0.30_b+0.20
A9v8_LCBO_stage1b_gamma002_f1_all90_posEZ,teacher_anchor,teacher_plus_broad_core_a0.30_b-0.05,patient_zscore_probability,0.3,-0.05,,0.6419456974518172,0.4694666672988108,0.5246487299436734,0.7095082906829895,0.5888888888888889,90,False,False,True,False,False,False,teacher_plus_broad_core_a0.30_b-0.05
A9v8_LCBO_stage1b_gamma002_f1_all90_posEZ,teacher_anchor,teacher_plus_broad_core_a0.30_b-0.10,patient_zscore_probability,0.3,-0.1,,0.6416749427931855,0.4687912368993109,0.5249166023176967,0.7117886173044013,0.5888888888888889,90,False,False,True,False,False,False,teacher_plus_broad_core_a0.30_b-0.10
A9v8_LCBO_stage1b_gamma002_f1_all90_posEZ,teacher_anchor,teacher_plus_broad_core_a0.30_b-0.20,patient_zscore_probability,0.3,-0.2,,0.6442011969754995,0.47175835527323223,0.5213618360933536,0.7061157855138224,0.5888888888888889,90,True,True,True,False,False,False,teacher_plus_broad_core_a0.30_b-0.20
A9v8_LCBO_stage1b_gamma002_f1_all90_posEZ,teacher_anchor,teacher_plus_broad_core_a0.50_b+0.00,patient_zscore_probability,0.5,0.0,,0.6442376310582222,0.4730302229620827,0.5267316993781479,0.7076914292582849,0.5888888888888889,90,True,True,True,False,False,False,teacher_plus_broad_core_a0.50_b+0.00
A9v8_LCBO_stage1b_gamma002_f1_all90_posEZ,teacher_anchor,teacher_plus_broad_core_a0.50_b+0.05,patient_zscore_probability,0.5,0.05,,0.6439437094332096,0.47308582669685456,0.5263183962136228,0.70488423376993,0.5888888888888889,90,True,True,True,False,False,False,teacher_plus_broad_core_a0.50_b+0.05
A9v8_LCBO_stage1b_gamma002_f1_all90_posEZ,teacher_anchor,teacher_plus_broad_core_a0.50_b+0.10,patient_zscore_probability,0.5,0.1,,0.6452456248381294,0.4749443768310858,0.526145841571062,0.6929482068339031,0.5666666666666667,90,True,True,True,False,False,False,teacher_plus_broad_core_a0.50_b+0.10
A9v8_LCBO_stage1b_gamma002_f1_all90_posEZ,teacher_anchor,teacher_plus_broad_core_a0.50_b+0.20,patient_zscore_probability,0.5,0.2,,0.6464899782392179,0.47677229446372177,0.5255115434352259,0.687643906604904,0.5555555555555556,90,True,True,True,False,False,False,teacher_plus_broad_core_a0.50_b+0.20
A9v8_LCBO_stage1b_gamma002_f1_all90_posEZ,teacher_anchor,teacher_plus_broad_core_a0.50_b-0.05,patient_zscore_probability,0.5,-0.05,,0.6440799902933924,0.4726266142251406,0.5259217865472602,0.7088871162873053,0.5888888888888889,90,True,True,True,False,False,False,teacher_plus_broad_core_a0.50_b-0.05
A9v8_LCBO_stage1b_gamma002_f1_all90_posEZ,teacher_anchor,teacher_plus_broad_core_a0.50_b-0.10,patient_zscore_probability,0.5,-0.1,,0.6437283098392099,0.4715429634126762,0.5260487343255276,0.7088158912160801,0.5888888888888889,90,True,True,True,False,False,False,teacher_plus_broad_core_a0.50_b-0.10
A9v8_LCBO_stage1b_gamma002_f1_all90_posEZ,teacher_anchor,teacher_plus_broad_core_a0.50_b-0.20,patient_zscore_probability,0.5,-0.2,,0.6454526011142616,0.4737970690977795,0.5239378592612514,0.7032355037512878,0.5777777777777777,90,True,True,True,False,False,False,teacher_plus_broad_core_a0.50_b-0.20
A9v8_LCBO_stage1b_gamma005_mrr_all90_posEZ,teacher_anchor,teacher_only,patient_zscore_probability,,,,0.6427135780776422,0.47059129425797064,0.5186349018779979,0.7151362033792374,0.6,90,False,True,False,True,True,False,teacher_only
A9v8_LCBO_stage1b_gamma005_mrr_all90_posEZ,teacher_anchor,teacher_plus_broad_a0.02,patient_zscore_probability,0.02,,,0.6417240944615246,0.4692038908117437,0.5189576309658607,0.7097587105017445,0.5888888888888889,90,False,False,True,False,False,False,teacher_plus_broad_a0.02
A9v8_LCBO_stage1b_gamma005_mrr_all90_posEZ,teacher_anchor,teacher_plus_broad_a0.05,patient_zscore_probability,0.05,,,0.6415625456116499,0.4692113196053114,0.519196003272074,0.7082753303341538,0.5888888888888889,90,False,False,True,False,False,False,teacher_plus_broad_a0.05
A9v8_LCBO_stage1b_gamma005_mrr_all90_posEZ,teacher_anchor,teacher_plus_broad_a0.10,patient_zscore_probability,0.1,,,0.6407749988583767,0.4679648368847166,0.5207035748760689,0.7103785049373285,0.5888888888888889,90,False,False,True,False,False,False,teacher_plus_broad_a0.10
A9v8_LCBO_stage1b_gamma005_mrr_all90_posEZ,teacher_anchor,teacher_plus_broad_a0.20,patient_zscore_probability,0.2,,,0.6411285938719651,0.46781797451798846,0.5223084333503586,0.7107010582010582,0.5888888888888889,90,False,False,True,False,False,False,teacher_plus_broad_a0.20
A9v8_LCBO_stage1b_gamma005_mrr_all90_posEZ,teacher_anchor,teacher_plus_broad_a0.30,patient_zscore_probability,0.3,,,0.6422623182592246,0.4699489517605877,0.5246104549759367,0.717734442069885,0.6,90,False,False,True,True,True,False,teacher_plus_broad_a0.30
A9v8_LCBO_stage1b_gamma005_mrr_all90_posEZ,teacher_anchor,teacher_plus_broad_a0.50,patient_zscore_probability,0.5,,,0.6433080024299912,0.4719887259698454,0.5257478632144407,0.708928675359185,0.5888888888888889,90,True,True,True,False,False,False,teacher_plus_broad_a0.50
A9v8_LCBO_stage1b_gamma005_mrr_all90_posEZ,teacher_anchor,teacher_plus_broad_core_a0.02_b+0.00,patient_zscore_probability,0.02,0.0,,0.6417240944615246,0.4692038908117437,0.5189576309658607,0.7097587105017445,0.5888888888888889,90,False,False,True,False,False,False,teacher_plus_broad_core_a0.02_b+0.00
A9v8_LCBO_stage1b_gamma005_mrr_all90_posEZ,teacher_anchor,teacher_plus_broad_core_a0.02_b+0.05,patient_zscore_probability,0.02,0.05,,0.6411008014330923,0.4684866385133103,0.5194869808341072,0.7083479203457682,0.5888888888888889,90,False,False,True,False,False,False,teacher_plus_broad_core_a0.02_b+0.05
A9v8_LCBO_stage1b_gamma005_mrr_all90_posEZ,teacher_anchor,teacher_plus_broad_core_a0.02_b+0.10,patient_zscore_probability,0.02,0.1,,0.6407593157897554,0.4683515689375482,0.5206279130925978,0.7101725140311431,0.5888888888888889,90,False,False,True,False,False,False,teacher_plus_broad_core_a0.02_b+0.10
A9v8_LCBO_stage1b_gamma005_mrr_all90_posEZ,teacher_anchor,teacher_plus_broad_core_a0.02_b+0.20,patient_zscore_probability,0.02,0.2,,0.642129644926769,0.47033146403448584,0.522822409506319,0.7159759246601353,0.6111111111111112,90,False,False,True,True,True,False,teacher_plus_broad_core_a0.02_b+0.20
A9v8_LCBO_stage1b_gamma005_mrr_all90_posEZ,teacher_anchor,teacher_plus_broad_core_a0.02_b-0.05,patient_zscore_probability,0.02,-0.05,,0.6408292782187135,0.46794599966567296,0.5146817737021097,0.7095037540432277,0.6,90,False,False,False,False,True,False,teacher_plus_broad_core_a0.02_b-0.05
A9v8_LCBO_stage1b_gamma005_mrr_all90_posEZ,teacher_anchor,teacher_plus_broad_core_a0.02_b-0.10,patient_zscore_probability,0.02,-0.1,,0.6399514321400286,0.4668375017998076,0.5136324722069551,0.6973809702318474,0.5777777777777777,90,False,False,False,False,False,False,teacher_plus_broad_core_a0.02_b-0.10
A9v8_LCBO_stage1b_gamma005_mrr_all90_posEZ,teacher_anchor,teacher_plus_broad_core_a0.02_b-0.20,patient_zscore_probability,0.02,-0.2,,0.6329058173805862,0.4550142538422624,0.5029802864541787,0.6784171113333013,0.5666666666666667,90,False,False,False,False,False,False,teacher_plus_broad_core_a0.02_b-0.20
A9v8_LCBO_stage1b_gamma005_mrr_all90_posEZ,teacher_anchor,teacher_plus_broad_core_a0.05_b+0.00,patient_zscore_probability,0.05,0.0,,0.6415625456116499,0.4692113196053114,0.519196003272074,0.7082753303341538,0.5888888888888889,90,False,False,True,False,False,False,teacher_plus_broad_core_a0.05_b+0.00
A9v8_LCBO_stage1b_gamma005_mrr_all90_posEZ,teacher_anchor,teacher_plus_broad_core_a0.05_b+0.05,patient_zscore_probability,0.05,0.05,,0.6418565387073047,0.46969783878548615,0.5201215987152085,0.7092409387997622,0.5888888888888889,90,False,False,True,False,False,False,teacher_plus_broad_core_a0.05_b+0.05
A9v8_LCBO_stage1b_gamma005_mrr_all90_posEZ,teacher_anchor,teacher_plus_broad_core_a0.05_b+0.10,patient_zscore_probability,0.05,0.1,,0.6398722643288842,0.46707681306351656,0.520927511428915,0.7101626110800637,0.5888888888888889,90,False,False,True,False,False,False,teacher_plus_broad_core_a0.05_b+0.10
A9v8_LCBO_stage1b_gamma005_mrr_all90_posEZ,teacher_anchor,teacher_plus_broad_core_a0.05_b+0.20,patient_zscore_probability,0.05,0.2,,0.6427330691379768,0.4714041251034785,0.5233571095318323,0.7147430603022707,0.6111111111111112,90,True,True,True,False,True,False,teacher_plus_broad_core_a0.05_b+0.20
A9v8_LCBO_stage1b_gamma005_mrr_all90_posEZ,teacher_anchor,teacher_plus_broad_core_a0.05_b-0.05,patient_zscore_probability,0.05,-0.05,,0.6407036978618684,0.4677513178043244,0.5161659622031554,0.710346646530857,0.6,90,False,False,False,False,True,False,teacher_plus_broad_core_a0.05_b-0.05
A9v8_LCBO_stage1b_gamma005_mrr_all90_posEZ,teacher_anchor,teacher_plus_broad_core_a0.05_b-0.10,patient_zscore_probability,0.05,-0.1,,0.6408566414152369,0.46793648203977967,0.514956083183307,0.7091076918437599,0.6,90,False,False,False,False,True,False,teacher_plus_broad_core_a0.05_b-0.10
A9v8_LCBO_stage1b_gamma005_mrr_all90_posEZ,teacher_anchor,teacher_plus_broad_core_a0.05_b-0.20,patient_zscore_probability,0.05,-0.2,,0.6320682938718288,0.4530557669096851,0.5040063700451447,0.6778517505885927,0.5555555555555556,90,False,False,False,False,False,False,teacher_plus_broad_core_a0.05_b-0.20
A9v8_LCBO_stage1b_gamma005_mrr_all90_posEZ,teacher_anchor,teacher_plus_broad_core_a0.10_b+0.00,patient_zscore_probability,0.1,0.0,,0.6407749988583767,0.4679648368847166,0.5207035748760689,0.7103785049373285,0.5888888888888889,90,False,False,True,False,False,False,teacher_plus_broad_core_a0.10_b+0.00
A9v8_LCBO_stage1b_gamma005_mrr_all90_posEZ,teacher_anchor,teacher_plus_broad_core_a0.10_b+0.05,patient_zscore_probability,0.1,0.05,,0.639297760793206,0.46583708008176233,0.5209358043058161,0.71071626794951,0.5888888888888889,90,False,False,True,False,False,False,teacher_plus_broad_core_a0.10_b+0.05
A9v8_LCBO_stage1b_gamma005_mrr_all90_posEZ,teacher_anchor,teacher_plus_broad_core_a0.10_b+0.10,patient_zscore_probability,0.1,0.1,,0.6406195805961338,0.4677223357286533,0.5225893704753083,0.7233048865479207,0.6111111111111112,90,False,False,True,True,True,False,teacher_plus_broad_core_a0.10_b+0.10
A9v8_LCBO_stage1b_gamma005_mrr_all90_posEZ,teacher_anchor,teacher_plus_broad_core_a0.10_b+0.20,patient_zscore_probability,0.1,0.2,,0.6415335212572518,0.4697678851647998,0.5228581368789571,0.7174997943090048,0.6111111111111112,90,False,False,True,True,True,False,teacher_plus_broad_core_a0.10_b+0.20
A9v8_LCBO_stage1b_gamma005_mrr_all90_posEZ,teacher_anchor,teacher_plus_broad_core_a0.10_b-0.05,patient_zscore_probability,0.1,-0.05,,0.6421410103682074,0.46892499702764906,0.5186701752439258,0.7137515208103443,0.6,90,False,False,True,False,True,False,teacher_plus_broad_core_a0.10_b-0.05
A9v8_LCBO_stage1b_gamma005_mrr_all90_posEZ,teacher_anchor,teacher_plus_broad_core_a0.10_b-0.10,patient_zscore_probability,0.1,-0.1,,0.6408955365958301,0.46762275355811317,0.5162732307711567,0.7106962116830537,0.6,90,False,False,False,False,True,False,teacher_plus_broad_core_a0.10_b-0.10
A9v8_LCBO_stage1b_gamma005_mrr_all90_posEZ,teacher_anchor,teacher_plus_broad_core_a0.10_b-0.20,patient_zscore_probability,0.1,-0.2,,0.6359347514645194,0.458999984886817,0.5078930178000688,0.6888288941307518,0.5666666666666667,90,False,False,False,False,False,False,teacher_plus_broad_core_a0.10_b-0.20
A9v8_LCBO_stage1b_gamma005_mrr_all90_posEZ,teacher_anchor,teacher_plus_broad_core_a0.20_b+0.00,patient_zscore_probability,0.2,0.0,,0.6411285938719651,0.46781797451798846,0.5223084333503586,0.7107010582010582,0.5888888888888889,90,False,False,True,False,False,False,teacher_plus_broad_core_a0.20_b+0.00
A9v8_LCBO_stage1b_gamma005_mrr_all90_posEZ,teacher_anchor,teacher_plus_broad_core_a0.20_b+0.05,patient_zscore_probability,0.2,0.05,,0.6407533287458099,0.46736506266845457,0.5233355526679395,0.7236640211640212,0.6111111111111112,90,False,False,True,True,True,False,teacher_plus_broad_core_a0.20_b+0.05
A9v8_LCBO_stage1b_gamma005_mrr_all90_posEZ,teacher_anchor,teacher_plus_broad_core_a0.20_b+0.10,patient_zscore_probability,0.2,0.1,,0.6420941834491671,0.46980142649461076,0.5237848243282613,0.7176944167707842,0.6111111111111112,90,False,False,True,True,True,False,teacher_plus_broad_core_a0.20_b+0.10
A9v8_LCBO_stage1b_gamma005_mrr_all90_posEZ,teacher_anchor,teacher_plus_broad_core_a0.20_b+0.20,patient_zscore_probability,0.2,0.2,,0.6431923221871287,0.4718159324729437,0.5238910477062316,0.7116223534342281,0.6,90,True,True,True,False,True,False,teacher_plus_broad_core_a0.20_b+0.20
A9v8_LCBO_stage1b_gamma005_mrr_all90_posEZ,teacher_anchor,teacher_plus_broad_core_a0.20_b-0.05,patient_zscore_probability,0.2,-0.05,,0.6410911215916396,0.46769238029779736,0.5218179041989418,0.7096204247948433,0.5888888888888889,90,False,False,True,False,False,False,teacher_plus_broad_core_a0.20_b-0.05
A9v8_LCBO_stage1b_gamma005_mrr_all90_posEZ,teacher_anchor,teacher_plus_broad_core_a0.20_b-0.10,patient_zscore_probability,0.2,-0.1,,0.6401122041863185,0.4664327198963007,0.5207667269480467,0.713116115113963,0.6,90,False,False,True,False,True,False,teacher_plus_broad_core_a0.20_b-0.10
A9v8_LCBO_stage1b_gamma005_mrr_all90_posEZ,teacher_anchor,teacher_plus_broad_core_a0.20_b-0.20,patient_zscore_probability,0.2,-0.2,,0.6403954089732118,0.46687293010370934,0.5162597224443499,0.709246256982325,0.6,90,False,False,False,False,True,False,teacher_plus_broad_core_a0.20_b-0.20
A9v8_LCBO_stage1b_gamma005_mrr_all90_posEZ,teacher_anchor,teacher_plus_broad_core_a0.30_b+0.00,patient_zscore_probability,0.3,0.0,,0.6422623182592246,0.4699489517605877,0.5246104549759367,0.717734442069885,0.6,90,False,False,True,True,True,False,teacher_plus_broad_core_a0.30_b+0.00
A9v8_LCBO_stage1b_gamma005_mrr_all90_posEZ,teacher_anchor,teacher_plus_broad_core_a0.30_b+0.05,patient_zscore_probability,0.3,0.05,,0.6432228682649996,0.4721492045612323,0.5245604392775867,0.7149381428302998,0.6,90,True,True,True,False,True,False,teacher_plus_broad_core_a0.30_b+0.05
A9v8_LCBO_stage1b_gamma005_mrr_all90_posEZ,teacher_anchor,teacher_plus_broad_core_a0.30_b+0.10,patient_zscore_probability,0.3,0.1,,0.6439139544317688,0.47340691577296656,0.5246417988215171,0.7131369036987784,0.6,90,True,True,True,False,True,False,teacher_plus_broad_core_a0.30_b+0.10
A9v8_LCBO_stage1b_gamma005_mrr_all90_posEZ,teacher_anchor,teacher_plus_broad_core_a0.30_b+0.20,patient_zscore_probability,0.3,0.2,,0.6437614442790779,0.47290871227593434,0.5241643534800001,0.6990297608416355,0.5777777777777777,90,True,True,True,False,False,False,teacher_plus_broad_core_a0.30_b+0.20
A9v8_LCBO_stage1b_gamma005_mrr_all90_posEZ,teacher_anchor,teacher_plus_broad_core_a0.30_b-0.05,patient_zscore_probability,0.3,-0.05,,0.6413168256899986,0.46799232200576873,0.5245723259797608,0.7167935305435306,0.6,90,False,False,True,True,True,False,teacher_plus_broad_core_a0.30_b-0.05
A9v8_LCBO_stage1b_gamma005_mrr_all90_posEZ,teacher_anchor,teacher_plus_broad_core_a0.30_b-0.10,patient_zscore_probability,0.3,-0.1,,0.6405108675335267,0.4667594938998839,0.5217187536968482,0.7038305675805675,0.5777777777777777,90,False,False,True,False,False,False,teacher_plus_broad_core_a0.30_b-0.10
A9v8_LCBO_stage1b_gamma005_mrr_all90_posEZ,teacher_anchor,teacher_plus_broad_core_a0.30_b-0.20,patient_zscore_probability,0.3,-0.2,,0.6395653568007276,0.46572139795553946,0.5192576833111561,0.704536589119863,0.5888888888888889,90,False,False,True,False,False,False,teacher_plus_broad_core_a0.30_b-0.20
A9v8_LCBO_stage1b_gamma005_mrr_all90_posEZ,teacher_anchor,teacher_plus_broad_core_a0.50_b+0.00,patient_zscore_probability,0.5,0.0,,0.6433080024299912,0.4719887259698454,0.5257478632144407,0.708928675359185,0.5888888888888889,90,True,True,True,False,False,False,teacher_plus_broad_core_a0.50_b+0.00
A9v8_LCBO_stage1b_gamma005_mrr_all90_posEZ,teacher_anchor,teacher_plus_broad_core_a0.50_b+0.05,patient_zscore_probability,0.5,0.05,,0.6437824066396175,0.4728692227424991,0.5263657026390629,0.7062280580752344,0.5888888888888889,90,True,True,True,False,False,False,teacher_plus_broad_core_a0.50_b+0.05
A9v8_LCBO_stage1b_gamma005_mrr_all90_posEZ,teacher_anchor,teacher_plus_broad_core_a0.50_b+0.10,patient_zscore_probability,0.5,0.1,,0.6431733789925462,0.47200342187669825,0.5256570164388127,0.7018002286778928,0.5777777777777777,90,True,True,True,False,False,False,teacher_plus_broad_core_a0.50_b+0.10
A9v8_LCBO_stage1b_gamma005_mrr_all90_posEZ,teacher_anchor,teacher_plus_broad_core_a0.50_b+0.20,patient_zscore_probability,0.5,0.2,,0.644477538712364,0.4736231187202492,0.5272291469968521,0.6994438457113007,0.5777777777777777,90,True,True,True,False,False,False,teacher_plus_broad_core_a0.50_b+0.20
A9v8_LCBO_stage1b_gamma005_mrr_all90_posEZ,teacher_anchor,teacher_plus_broad_core_a0.50_b-0.05,patient_zscore_probability,0.5,-0.05,,0.6414232049516656,0.4687958531652273,0.5253260106945365,0.7116454030759126,0.5888888888888889,90,False,False,True,False,False,False,teacher_plus_broad_core_a0.50_b-0.05
A9v8_LCBO_stage1b_gamma005_mrr_all90_posEZ,teacher_anchor,teacher_plus_broad_core_a0.50_b-0.10,patient_zscore_probability,0.5,-0.1,,0.6422316371036194,0.47006276072730835,0.5250127201240521,0.7116275224058581,0.5888888888888889,90,False,False,True,False,False,False,teacher_plus_broad_core_a0.50_b-0.10
A9v8_LCBO_stage1b_gamma005_mrr_all90_posEZ,teacher_anchor,teacher_plus_broad_core_a0.50_b-0.20,patient_zscore_probability,0.5,-0.2,,0.6411658284830571,0.46812478339569397,0.5226486660358974,0.7059038996234118,0.5777777777777777,90,False,False,True,False,False,False,teacher_plus_broad_core_a0.50_b-0.20
A9v8_LCBO_stage1b_gamma010_mrr_all90_posEZ,teacher_anchor,teacher_only,patient_zscore_probability,,,,0.6427135780776422,0.47059129425797064,0.5186349018779979,0.7151362033792374,0.6,90,False,True,False,True,True,False,teacher_only
A9v8_LCBO_stage1b_gamma010_mrr_all90_posEZ,teacher_anchor,teacher_plus_broad_a0.02,patient_zscore_probability,0.02,,,0.6417240944615246,0.4692038908117437,0.5188917400090312,0.7097587105017445,0.5888888888888889,90,False,False,True,False,False,False,teacher_plus_broad_a0.02
A9v8_LCBO_stage1b_gamma010_mrr_all90_posEZ,teacher_anchor,teacher_plus_broad_a0.05,patient_zscore_probability,0.05,,,0.6413254509850795,0.4689304139442049,0.5188887247663666,0.7092012562600798,0.5888888888888889,90,False,False,True,False,False,False,teacher_plus_broad_a0.05
A9v8_LCBO_stage1b_gamma010_mrr_all90_posEZ,teacher_anchor,teacher_plus_broad_a0.10,patient_zscore_probability,0.1,,,0.6408255575588139,0.46807204936035013,0.5207294523126249,0.7101933197521433,0.5888888888888889,90,False,False,True,False,False,False,teacher_plus_broad_a0.10
A9v8_LCBO_stage1b_gamma010_mrr_all90_posEZ,teacher_anchor,teacher_plus_broad_a0.20,patient_zscore_probability,0.2,,,0.6411191093089091,0.46771113691115085,0.5221386385667041,0.7123526473526474,0.5888888888888889,90,False,False,True,False,False,False,teacher_plus_broad_a0.20
A9v8_LCBO_stage1b_gamma010_mrr_all90_posEZ,teacher_anchor,teacher_plus_broad_a0.30,patient_zscore_probability,0.3,,,0.6419842141616761,0.46912847594011187,0.5249560666911773,0.7190383173471407,0.6,90,False,False,True,True,True,False,teacher_plus_broad_a0.30
A9v8_LCBO_stage1b_gamma010_mrr_all90_posEZ,teacher_anchor,teacher_plus_broad_a0.50,patient_zscore_probability,0.5,,,0.642833474402207,0.4713376258361768,0.5255307132235737,0.7043007185857901,0.5777777777777777,90,True,True,True,False,False,False,teacher_plus_broad_a0.50
A9v8_LCBO_stage1b_gamma010_mrr_all90_posEZ,teacher_anchor,teacher_plus_broad_core_a0.02_b+0.00,patient_zscore_probability,0.02,0.0,,0.6417240944615246,0.4692038908117437,0.5188917400090312,0.7097587105017445,0.5888888888888889,90,False,False,True,False,False,False,teacher_plus_broad_core_a0.02_b+0.00
A9v8_LCBO_stage1b_gamma010_mrr_all90_posEZ,teacher_anchor,teacher_plus_broad_core_a0.02_b+0.05,patient_zscore_probability,0.02,0.05,,0.6410522554446486,0.4684866385133103,0.5198489354162494,0.707977549975398,0.5888888888888889,90,False,False,True,False,False,False,teacher_plus_broad_core_a0.02_b+0.05
A9v8_LCBO_stage1b_gamma010_mrr_all90_posEZ,teacher_anchor,teacher_plus_broad_core_a0.02_b+0.10,patient_zscore_probability,0.02,0.1,,0.6407246064342532,0.4682254287992595,0.5205697243465889,0.7098021436607728,0.5888888888888889,90,False,False,True,False,False,False,teacher_plus_broad_core_a0.02_b+0.10
A9v8_LCBO_stage1b_gamma010_mrr_all90_posEZ,teacher_anchor,teacher_plus_broad_core_a0.02_b+0.20,patient_zscore_probability,0.02,0.2,,0.6423337006278936,0.4707355044385262,0.5236185893768835,0.7159732190324296,0.6111111111111112,90,False,True,True,True,True,False,teacher_plus_broad_core_a0.02_b+0.20
A9v8_LCBO_stage1b_gamma010_mrr_all90_posEZ,teacher_anchor,teacher_plus_broad_core_a0.02_b-0.05,patient_zscore_probability,0.02,-0.05,,0.6409872971376909,0.46813432358281043,0.5148799771352222,0.7095037540432277,0.6,90,False,False,False,False,True,False,teacher_plus_broad_core_a0.02_b-0.05
A9v8_LCBO_stage1b_gamma010_mrr_all90_posEZ,teacher_anchor,teacher_plus_broad_core_a0.02_b-0.10,patient_zscore_probability,0.02,-0.1,,0.6407755148354576,0.4682899346247894,0.5140483782581093,0.6981217109725881,0.5777777777777777,90,False,False,False,False,False,False,teacher_plus_broad_core_a0.02_b-0.10
A9v8_LCBO_stage1b_gamma010_mrr_all90_posEZ,teacher_anchor,teacher_plus_broad_core_a0.02_b-0.20,patient_zscore_probability,0.02,-0.2,,0.6331607423901673,0.4551800913215327,0.5032412386343749,0.6808134086752508,0.5666666666666667,90,False,False,False,False,False,False,teacher_plus_broad_core_a0.02_b-0.20
A9v8_LCBO_stage1b_gamma010_mrr_all90_posEZ,teacher_anchor,teacher_plus_broad_core_a0.05_b+0.00,patient_zscore_probability,0.05,0.0,,0.6413254509850795,0.4689304139442049,0.5188887247663666,0.7092012562600798,0.5888888888888889,90,False,False,True,False,False,False,teacher_plus_broad_core_a0.05_b+0.00
A9v8_LCBO_stage1b_gamma010_mrr_all90_posEZ,teacher_anchor,teacher_plus_broad_core_a0.05_b+0.05,patient_zscore_probability,0.05,0.05,,0.6417858209845021,0.4695494623659233,0.520012803378996,0.7088705684293919,0.5888888888888889,90,False,False,True,False,False,False,teacher_plus_broad_core_a0.05_b+0.05
A9v8_LCBO_stage1b_gamma010_mrr_all90_posEZ,teacher_anchor,teacher_plus_broad_core_a0.05_b+0.10,patient_zscore_probability,0.05,0.1,,0.639820608385308,0.4669059502060865,0.5206488186083159,0.7101626110800637,0.5888888888888889,90,False,False,True,False,False,False,teacher_plus_broad_core_a0.05_b+0.10
A9v8_LCBO_stage1b_gamma010_mrr_all90_posEZ,teacher_anchor,teacher_plus_broad_core_a0.05_b+0.20,patient_zscore_probability,0.05,0.2,,0.6431468431043752,0.47202184072119413,0.5242033626377334,0.7178779809371915,0.6111111111111112,90,True,True,True,True,True,True,teacher_plus_broad_core_a0.05_b+0.20
A9v8_LCBO_stage1b_gamma010_mrr_all90_posEZ,teacher_anchor,teacher_plus_broad_core_a0.05_b-0.05,patient_zscore_probability,0.05,-0.05,,0.6408681974678575,0.46798772442370973,0.5164795024621489,0.710346646530857,0.6,90,False,False,False,False,True,False,teacher_plus_broad_core_a0.05_b-0.05
A9v8_LCBO_stage1b_gamma010_mrr_all90_posEZ,teacher_anchor,teacher_plus_broad_core_a0.05_b-0.10,patient_zscore_probability,0.05,-0.1,,0.6403209073322468,0.46714481537311303,0.5151207764225529,0.7091539881400563,0.6,90,False,False,False,False,True,False,teacher_plus_broad_core_a0.05_b-0.10
A9v8_LCBO_stage1b_gamma010_mrr_all90_posEZ,teacher_anchor,teacher_plus_broad_core_a0.05_b-0.20,patient_zscore_probability,0.05,-0.2,,0.6337215818897797,0.4550483573181681,0.503667757810253,0.6742982139692666,0.5444444444444444,90,False,False,False,False,False,False,teacher_plus_broad_core_a0.05_b-0.20
A9v8_LCBO_stage1b_gamma010_mrr_all90_posEZ,teacher_anchor,teacher_plus_broad_core_a0.10_b+0.00,patient_zscore_probability,0.1,0.0,,0.6408255575588139,0.46807204936035013,0.5207294523126249,0.7101933197521433,0.5888888888888889,90,False,False,True,False,False,False,teacher_plus_broad_core_a0.10_b+0.00
A9v8_LCBO_stage1b_gamma010_mrr_all90_posEZ,teacher_anchor,teacher_plus_broad_core_a0.10_b+0.05,patient_zscore_probability,0.1,0.05,,0.6396328604103874,0.4661912414781701,0.520991371429938,0.711642193875436,0.5888888888888889,90,False,False,True,False,False,False,teacher_plus_broad_core_a0.10_b+0.05
A9v8_LCBO_stage1b_gamma010_mrr_all90_posEZ,teacher_anchor,teacher_plus_broad_core_a0.10_b+0.10,patient_zscore_probability,0.1,0.1,,0.6403930045598816,0.4674513330186262,0.5226612753550275,0.722180547923582,0.6111111111111112,90,False,False,True,True,True,False,teacher_plus_broad_core_a0.10_b+0.10
A9v8_LCBO_stage1b_gamma010_mrr_all90_posEZ,teacher_anchor,teacher_plus_broad_core_a0.10_b+0.20,patient_zscore_probability,0.1,0.2,,0.6426168372591659,0.47156240952029965,0.5244023174853217,0.7197136992312431,0.6111111111111112,90,False,True,True,True,True,False,teacher_plus_broad_core_a0.10_b+0.20
A9v8_LCBO_stage1b_gamma010_mrr_all90_posEZ,teacher_anchor,teacher_plus_broad_core_a0.10_b-0.05,patient_zscore_probability,0.1,-0.05,,0.6420531794987229,0.4688019719046239,0.518751853289372,0.7137515208103443,0.6,90,False,False,True,False,True,False,teacher_plus_broad_core_a0.10_b-0.05
A9v8_LCBO_stage1b_gamma010_mrr_all90_posEZ,teacher_anchor,teacher_plus_broad_core_a0.10_b-0.10,patient_zscore_probability,0.1,-0.1,,0.6408955365958301,0.46762275355811317,0.5166672239537531,0.7106962116830537,0.6,90,False,False,False,False,True,False,teacher_plus_broad_core_a0.10_b-0.10
A9v8_LCBO_stage1b_gamma010_mrr_all90_posEZ,teacher_anchor,teacher_plus_broad_core_a0.10_b-0.20,patient_zscore_probability,0.1,-0.2,,0.6385897123797142,0.46426314278155384,0.5104693756061747,0.682345513963161,0.5555555555555556,90,False,False,False,False,False,False,teacher_plus_broad_core_a0.10_b-0.20
A9v8_LCBO_stage1b_gamma010_mrr_all90_posEZ,teacher_anchor,teacher_plus_broad_core_a0.20_b+0.00,patient_zscore_probability,0.2,0.0,,0.6411191093089091,0.46771113691115085,0.5221386385667041,0.7123526473526474,0.5888888888888889,90,False,False,True,False,False,False,teacher_plus_broad_core_a0.20_b+0.00
A9v8_LCBO_stage1b_gamma010_mrr_all90_posEZ,teacher_anchor,teacher_plus_broad_core_a0.20_b+0.05,patient_zscore_probability,0.2,0.05,,0.6417132896128526,0.46887889772453606,0.5232539199431224,0.7179100529100529,0.6,90,False,False,True,True,True,False,teacher_plus_broad_core_a0.20_b+0.05
A9v8_LCBO_stage1b_gamma010_mrr_all90_posEZ,teacher_anchor,teacher_plus_broad_core_a0.20_b+0.10,patient_zscore_probability,0.2,0.1,,0.6409026717858172,0.4686437275730106,0.5239533888256119,0.7158891671146572,0.6,90,False,False,True,True,True,False,teacher_plus_broad_core_a0.20_b+0.10
A9v8_LCBO_stage1b_gamma010_mrr_all90_posEZ,teacher_anchor,teacher_plus_broad_core_a0.20_b+0.20,patient_zscore_probability,0.2,0.2,,0.6437051247363491,0.4726197338227221,0.5248677482542262,0.7072109777728524,0.5888888888888889,90,True,True,True,False,False,False,teacher_plus_broad_core_a0.20_b+0.20
A9v8_LCBO_stage1b_gamma010_mrr_all90_posEZ,teacher_anchor,teacher_plus_broad_core_a0.20_b-0.05,patient_zscore_probability,0.2,-0.05,,0.6414053584769761,0.4683781677112271,0.522330820809806,0.7094220120964307,0.5888888888888889,90,False,False,True,False,False,False,teacher_plus_broad_core_a0.20_b-0.05
A9v8_LCBO_stage1b_gamma010_mrr_all90_posEZ,teacher_anchor,teacher_plus_broad_core_a0.20_b-0.10,patient_zscore_probability,0.2,-0.1,,0.6406199645415158,0.4670790560115481,0.5207862549289858,0.7131049748794424,0.6,90,False,False,True,False,True,False,teacher_plus_broad_core_a0.20_b-0.10
A9v8_LCBO_stage1b_gamma010_mrr_all90_posEZ,teacher_anchor,teacher_plus_broad_core_a0.20_b-0.20,patient_zscore_probability,0.2,-0.2,,0.6418001912422884,0.4692170737190394,0.5154454530553357,0.703895727881796,0.5888888888888889,90,False,False,False,False,False,False,teacher_plus_broad_core_a0.20_b-0.20
A9v8_LCBO_stage1b_gamma010_mrr_all90_posEZ,teacher_anchor,teacher_plus_broad_core_a0.30_b+0.00,patient_zscore_probability,0.3,0.0,,0.6419842141616761,0.46912847594011187,0.5249560666911773,0.7190383173471407,0.6,90,False,False,True,True,True,False,teacher_plus_broad_core_a0.30_b+0.00
A9v8_LCBO_stage1b_gamma010_mrr_all90_posEZ,teacher_anchor,teacher_plus_broad_core_a0.30_b+0.05,patient_zscore_probability,0.3,0.05,,0.6439320816611408,0.4724526068658059,0.5254063720561319,0.7180844878120877,0.6,90,True,True,True,True,True,True,teacher_plus_broad_core_a0.30_b+0.05
A9v8_LCBO_stage1b_gamma010_mrr_all90_posEZ,teacher_anchor,teacher_plus_broad_core_a0.30_b+0.10,patient_zscore_probability,0.3,0.1,,0.6447923262961355,0.4747428784272639,0.5255393634223982,0.7142769803213112,0.6,90,True,True,True,False,True,False,teacher_plus_broad_core_a0.30_b+0.10
A9v8_LCBO_stage1b_gamma010_mrr_all90_posEZ,teacher_anchor,teacher_plus_broad_core_a0.30_b+0.20,patient_zscore_probability,0.3,0.2,,0.644252310046284,0.4737729098067985,0.524847590453545,0.7008816126934873,0.5777777777777777,90,True,True,True,False,False,False,teacher_plus_broad_core_a0.30_b+0.20
A9v8_LCBO_stage1b_gamma010_mrr_all90_posEZ,teacher_anchor,teacher_plus_broad_core_a0.30_b-0.05,patient_zscore_probability,0.3,-0.05,,0.6411777543703717,0.4677545967680435,0.5248522086208246,0.7173490860990861,0.6,90,False,False,True,True,True,False,teacher_plus_broad_core_a0.30_b-0.05
A9v8_LCBO_stage1b_gamma010_mrr_all90_posEZ,teacher_anchor,teacher_plus_broad_core_a0.30_b-0.10,patient_zscore_probability,0.3,-0.1,,0.6402842914972745,0.4664884911898568,0.5221870113469168,0.7071639009139009,0.5777777777777777,90,False,False,True,False,False,False,teacher_plus_broad_core_a0.30_b-0.10
A9v8_LCBO_stage1b_gamma010_mrr_all90_posEZ,teacher_anchor,teacher_plus_broad_core_a0.30_b-0.20,patient_zscore_probability,0.3,-0.2,,0.6407336564271154,0.4671766035350468,0.5193562460973222,0.7124076378242451,0.6,90,False,False,True,False,True,False,teacher_plus_broad_core_a0.30_b-0.20
A9v8_LCBO_stage1b_gamma010_mrr_all90_posEZ,teacher_anchor,teacher_plus_broad_core_a0.50_b+0.00,patient_zscore_probability,0.5,0.0,,0.642833474402207,0.4713376258361768,0.5255307132235737,0.7043007185857901,0.5777777777777777,90,True,True,True,False,False,False,teacher_plus_broad_core_a0.50_b+0.00
A9v8_LCBO_stage1b_gamma010_mrr_all90_posEZ,teacher_anchor,teacher_plus_broad_core_a0.50_b+0.05,patient_zscore_probability,0.5,0.05,,0.6449221321169436,0.47504243620550174,0.526682972832319,0.7079735580919629,0.5888888888888889,90,True,True,True,False,False,False,teacher_plus_broad_core_a0.50_b+0.05
A9v8_LCBO_stage1b_gamma010_mrr_all90_posEZ,teacher_anchor,teacher_plus_broad_core_a0.50_b+0.10,patient_zscore_probability,0.5,0.1,,0.6434357223075656,0.4727537435213288,0.5273039959241677,0.7127575087092468,0.6,90,True,True,True,False,True,False,teacher_plus_broad_core_a0.50_b+0.10
A9v8_LCBO_stage1b_gamma010_mrr_all90_posEZ,teacher_anchor,teacher_plus_broad_core_a0.50_b+0.20,patient_zscore_probability,0.5,0.2,,0.6446986663740601,0.4743073110711082,0.528841921742375,0.7055549568224119,0.5888888888888889,90,True,True,True,False,False,False,teacher_plus_broad_core_a0.50_b+0.20
A9v8_LCBO_stage1b_gamma010_mrr_all90_posEZ,teacher_anchor,teacher_plus_broad_core_a0.50_b-0.05,patient_zscore_probability,0.5,-0.05,,0.6429222502967495,0.4707426305564186,0.525365137491825,0.711091520376592,0.5888888888888889,90,True,True,True,False,False,False,teacher_plus_broad_core_a0.50_b-0.05
A9v8_LCBO_stage1b_gamma010_mrr_all90_posEZ,teacher_anchor,teacher_plus_broad_core_a0.50_b-0.10,patient_zscore_probability,0.5,-0.1,,0.6422806635299713,0.4700001998314141,0.5252793456858438,0.7116275224058581,0.5888888888888889,90,False,False,True,False,False,False,teacher_plus_broad_core_a0.50_b-0.10
A9v8_LCBO_stage1b_gamma010_mrr_all90_posEZ,teacher_anchor,teacher_plus_broad_core_a0.50_b-0.20,patient_zscore_probability,0.5,-0.2,,0.6421885256882861,0.47016980627405014,0.5231871412050811,0.7055152142347264,0.5777777777777777,90,False,False,True,False,False,False,teacher_plus_broad_core_a0.50_b-0.20
